{
    "gpt-3.5-turbo": {
        "middle_tem": {
            "data": {
                "E": [
                    14,
                    18,
                    14
                ],
                "I": [
                    7,
                    3,
                    7
                ],
                "S": [
                    9,
                    9,
                    10
                ],
                "N": [
                    18,
                    18,
                    17
                ],
                "T": [
                    13,
                    16,
                    16
                ],
                "F": [
                    10,
                    7,
                    7
                ],
                "J": [
                    19,
                    19,
                    19
                ],
                "P": [
                    3,
                    3,
                    3
                ]
            },
            "standered deviation": {
                "E": 1.8856180831641267,
                "I": 1.8856180831641267,
                "S": 0.4714045207910317,
                "N": 0.4714045207910317,
                "T": 1.4142135623730951,
                "F": 1.4142135623730951,
                "J": 0.0,
                "P": 0.0
            }
        },
        "high_tem": {
            "data": {
                "E": [
                    14,
                    13,
                    15
                ],
                "I": [
                    7,
                    8,
                    6
                ],
                "S": [
                    8,
                    11,
                    7
                ],
                "N": [
                    19,
                    16,
                    20
                ],
                "T": [
                    17,
                    10,
                    17
                ],
                "F": [
                    6,
                    13,
                    6
                ],
                "J": [
                    15,
                    18,
                    20
                ],
                "P": [
                    7,
                    4,
                    2
                ]
            },
            "standered deviation": {
                "E": 0.816496580927726,
                "I": 0.816496580927726,
                "S": 1.699673171197595,
                "N": 1.699673171197595,
                "T": 3.2998316455372216,
                "F": 3.2998316455372216,
                "J": 2.0548046676563256,
                "P": 2.0548046676563256
            }
        }
    },
    "gpt-4o": {
        "middle_tem": {
            "data": {
                "E": [
                    8,
                    8,
                    7
                ],
                "I": [
                    13,
                    13,
                    14
                ],
                "S": [
                    8,
                    7,
                    6
                ],
                "N": [
                    19,
                    20,
                    21
                ],
                "T": [
                    13,
                    10,
                    13
                ],
                "F": [
                    10,
                    13,
                    10
                ],
                "J": [
                    20,
                    20,
                    18
                ],
                "P": [
                    2,
                    2,
                    4
                ]
            },
            "standered deviation": {
                "E": 0.4714045207910317,
                "I": 0.4714045207910317,
                "S": 0.816496580927726,
                "N": 0.816496580927726,
                "T": 1.4142135623730951,
                "F": 1.4142135623730951,
                "J": 0.9428090415820634,
                "P": 0.9428090415820634
            }
        },
        "high_tem": {
            "data": {
                "E": [
                    8,
                    9,
                    9
                ],
                "I": [
                    13,
                    12,
                    12
                ],
                "S": [
                    8,
                    6,
                    8
                ],
                "N": [
                    19,
                    21,
                    19
                ],
                "T": [
                    12,
                    12,
                    15
                ],
                "F": [
                    11,
                    11,
                    8
                ],
                "J": [
                    19,
                    19,
                    19
                ],
                "P": [
                    3,
                    3,
                    3
                ]
            },
            "standered deviation": {
                "E": 0.4714045207910317,
                "I": 0.4714045207910317,
                "S": 0.9428090415820634,
                "N": 0.9428090415820634,
                "T": 1.4142135623730951,
                "F": 1.4142135623730951,
                "J": 0.0,
                "P": 0.0
            }
        }
    },
    "gpt-4o-mini": {
        "middle_tem": {
            "data": {
                "E": [
                    9,
                    9,
                    9
                ],
                "I": [
                    12,
                    12,
                    12
                ],
                "S": [
                    7,
                    6,
                    6
                ],
                "N": [
                    20,
                    21,
                    21
                ],
                "T": [
                    7,
                    6,
                    6
                ],
                "F": [
                    16,
                    17,
                    17
                ],
                "J": [
                    18,
                    17,
                    17
                ],
                "P": [
                    4,
                    5,
                    5
                ]
            },
            "standered deviation": {
                "E": 0.0,
                "I": 0.0,
                "S": 0.4714045207910317,
                "N": 0.4714045207910317,
                "T": 0.4714045207910317,
                "F": 0.4714045207910317,
                "J": 0.4714045207910317,
                "P": 0.4714045207910317
            }
        },
        "high_tem": {
            "data": {
                "E": [
                    8,
                    10,
                    9
                ],
                "I": [
                    13,
                    11,
                    12
                ],
                "S": [
                    8,
                    6,
                    7
                ],
                "N": [
                    19,
                    21,
                    20
                ],
                "T": [
                    7,
                    7,
                    8
                ],
                "F": [
                    16,
                    16,
                    15
                ],
                "J": [
                    19,
                    17,
                    20
                ],
                "P": [
                    3,
                    5,
                    2
                ]
            },
            "standered deviation": {
                "E": 0.816496580927726,
                "I": 0.816496580927726,
                "S": 0.816496580927726,
                "N": 0.816496580927726,
                "T": 0.4714045207910317,
                "F": 0.4714045207910317,
                "J": 1.247219128924647,